{"cameraMode":{"drawMode":0,"name":"Shaded","section":"Shading Mode"},"sceneLighting":false,"audioPlay":false,"sceneViewState":{"showFog":true,"showMaterialUpdate":false,"showSkybox":false,"showFlares":true,"showImageEffects":true,"showParticleSystems":true},"in2DMode":false,"pivot":{"x":0.3185269236564636,"y":1.1799533367156983,"z":0.3675035238265991},"rotation":{"x":0.1710406243801117,"y":0.08265606313943863,"z":-0.014401303604245186,"w":0.9816853404045105},"size":1.7660253047943116,"orthographic":false}