{"cameraMode":{"drawMode":0,"name":"Shaded","section":"Shading Mode"},"sceneLighting":true,"audioPlay":false,"sceneViewState":{"showFog":true,"showMaterialUpdate":false,"showSkybox":true,"showFlares":true,"showImageEffects":true,"showParticleSystems":true},"in2DMode":false,"pivot":{"x":4.617094039916992,"y":18.905153274536134,"z":-2.813603401184082},"rotation":{"x":0.45364055037498476,"y":-0.3703387975692749,"z":0.21495217084884644,"w":0.7815721035003662},"size":17.689098358154298,"orthographic":false}