{"cameraMode":{"drawMode":0,"name":"Shaded","section":"Shading Mode"},"sceneLighting":true,"audioPlay":false,"sceneViewState":{"showFog":true,"showMaterialUpdate":false,"showSkybox":false,"showFlares":true,"showImageEffects":true,"showParticleSystems":true},"in2DMode":false,"pivot":{"x":31.538806915283204,"y":-9.004171371459961,"z":2.7594919204711916},"rotation":{"x":0.19965285062789918,"y":0.6243273615837097,"z":-0.16936293244361878,"w":0.7359837293624878},"size":24.29897689819336,"orthographic":false}