{"cameraMode":{"drawMode":0,"name":"Shaded","section":"Shading Mode"},"sceneLighting":true,"audioPlay":false,"sceneViewState":{"showFog":true,"showMaterialUpdate":false,"showSkybox":false,"showFlares":true,"showImageEffects":true,"showParticleSystems":true},"in2DMode":false,"pivot":{"x":2.438117504119873,"y":-30.528350830078126,"z":14.874969482421875},"rotation":{"x":-0.5639349818229675,"y":-0.022785929962992669,"z":0.015554521232843399,"w":-0.8253674507141113},"size":34.82416915893555,"orthographic":false}