{"cameraMode":{"drawMode":0,"name":"Shaded","section":"Shading Mode"},"sceneLighting":true,"audioPlay":false,"sceneViewState":{"showFog":true,"showMaterialUpdate":false,"showSkybox":true,"showFlares":true,"showImageEffects":true,"showParticleSystems":true},"in2DMode":false,"pivot":{"x":1.1666125059127808,"y":10.709348678588868,"z":-0.8657627105712891},"rotation":{"x":0.39335235953330996,"y":-0.022062037140130998,"z":0.009442269802093506,"w":0.9190751910209656},"size":15.549367904663086,"orthographic":false}