{"cameraMode":{"drawMode":0,"name":"Shaded","section":"Shading Mode"},"sceneLighting":true,"audioPlay":false,"sceneViewState":{"showFog":true,"showMaterialUpdate":false,"showSkybox":true,"showFlares":true,"showImageEffects":true,"showParticleSystems":true},"in2DMode":false,"pivot":{"x":-0.030369756743311883,"y":8.49527359008789,"z":-3.2463321685791017},"rotation":{"x":0.39335235953330996,"y":-0.022062037140130998,"z":0.009442269802093506,"w":0.9190751910209656},"size":2.8103418350219728,"orthographic":false}