{"cameraMode":{"drawMode":0,"name":"Shaded","section":"Shading Mode"},"sceneLighting":false,"audioPlay":false,"sceneViewState":{"showFog":true,"showMaterialUpdate":false,"showSkybox":false,"showFlares":true,"showImageEffects":true,"showParticleSystems":true},"in2DMode":false,"pivot":{"x":-2.4586784839630129,"y":0.6413764953613281,"z":-2.8593249320983888},"rotation":{"x":0.02037627436220646,"y":-0.9511066675186157,"z":0.06429750472307205,"w":0.3014165759086609},"size":4.651017665863037,"orthographic":false}