{"cameraMode":{"drawMode":0,"name":"Shaded","section":"Shading Mode"},"sceneLighting":true,"audioPlay":false,"sceneViewState":{"showFog":true,"showMaterialUpdate":false,"showSkybox":true,"showFlares":true,"showImageEffects":true,"showParticleSystems":true},"in2DMode":false,"pivot":{"x":-123.315673828125,"y":-100.60713195800781,"z":-33.75276184082031},"rotation":{"x":0.2015264630317688,"y":-0.7740674018859863,"z":0.30014145374298098,"w":0.5197343826293945},"size":107.89033508300781,"orthographic":false}