{"cameraMode":{"drawMode":0,"name":"Shaded","section":"Shading Mode"},"sceneLighting":true,"audioPlay":false,"sceneViewState":{"showFog":true,"showMaterialUpdate":false,"showSkybox":false,"showFlares":true,"showImageEffects":true,"showParticleSystems":true},"in2DMode":false,"pivot":{"x":-0.7540736198425293,"y":7.673864364624023,"z":-4.620456695556641},"rotation":{"x":-0.4125537574291229,"y":0.02297145314514637,"z":-0.010409386828541756,"w":-0.9105868935585022},"size":15.66383171081543,"orthographic":false}