{"cameraMode":{"drawMode":0,"name":"Shaded","section":"Shading Mode"},"sceneLighting":true,"audioPlay":false,"sceneViewState":{"showFog":true,"showMaterialUpdate":false,"showSkybox":false,"showFlares":true,"showImageEffects":true,"showParticleSystems":true},"in2DMode":false,"pivot":{"x":-32.28535842895508,"y":-2.9011669158935549,"z":12.98486614227295},"rotation":{"x":-0.1607019305229187,"y":0.493257611989975,"z":-0.09327961504459381,"w":-0.849810779094696},"size":35.58118438720703,"orthographic":false}