{"cameraMode":{"drawMode":0,"name":"Shaded","section":"Shading Mode"},"sceneLighting":true,"audioPlay":false,"sceneViewState":{"showFog":true,"showMaterialUpdate":false,"showSkybox":false,"showFlares":true,"showImageEffects":true,"showParticleSystems":true},"in2DMode":false,"pivot":{"x":-0.7596561908721924,"y":9.925979614257813,"z":-1.7405083179473878},"rotation":{"x":-0.4327397644519806,"y":-0.035394858568906787,"z":0.017004162073135377,"w":-0.9006662368774414},"size":12.267401695251465,"orthographic":false}