{"cameraMode":{"drawMode":0,"name":"Shaded","section":"Shading Mode"},"sceneLighting":true,"audioPlay":false,"sceneViewState":{"showFog":true,"showMaterialUpdate":false,"showSkybox":false,"showFlares":true,"showImageEffects":true,"showParticleSystems":true},"in2DMode":false,"pivot":{"x":0.00032806396484375,"y":0.04990750178694725,"z":0.0002040863037109375},"rotation":{"x":-0.4505607783794403,"y":-0.004265777301043272,"z":0.002151088323444128,"w":-0.8927351236343384},"size":16.499927520751954,"orthographic":false}