{"cameraMode":{"drawMode":0,"name":"Shaded","section":"Shading Mode"},"sceneLighting":false,"audioPlay":false,"sceneViewState":{"showFog":true,"showMaterialUpdate":false,"showSkybox":false,"showFlares":true,"showImageEffects":true,"showParticleSystems":true},"in2DMode":false,"pivot":{"x":5.960464477539063e-8,"y":0.3192082345485687,"z":-0.0049266517162323},"rotation":{"x":0.31867432594299319,"y":-0.5787510275840759,"z":0.2622107267379761,"w":0.7033776044845581},"size":0.8173134922981262,"orthographic":true}