{"cameraMode":{"drawMode":0,"name":"Shaded","section":"Shading Mode"},"sceneLighting":true,"audioPlay":false,"sceneViewState":{"showFog":true,"showMaterialUpdate":false,"showSkybox":false,"showFlares":true,"showImageEffects":true,"showParticleSystems":true},"in2DMode":false,"pivot":{"x":0.45092126727104189,"y":-0.20436763763427735,"z":0.08639764785766602},"rotation":{"x":0.5045781135559082,"y":-0.005179440136998892,"z":0.003028732957318425,"w":0.8633541464805603},"size":17.518192291259767,"orthographic":false}