{"cameraMode":{"drawMode":0,"name":"Shaded","section":"Shading Mode"},"sceneLighting":false,"audioPlay":false,"sceneViewState":{"showFog":true,"showMaterialUpdate":false,"showSkybox":false,"showFlares":true,"showImageEffects":true,"showParticleSystems":true},"in2DMode":false,"pivot":{"x":0.07930010557174683,"y":-1.2211265563964844,"z":5.831533432006836},"rotation":{"x":0.2303040623664856,"y":-0.029751816764473916,"z":0.007044550962746143,"w":0.9726389646530151},"size":6.5062994956970219,"orthographic":false}