{"cameraMode":{"drawMode":0,"name":"Shaded","section":"Shading Mode"},"sceneLighting":true,"audioPlay":false,"sceneViewState":{"showFog":true,"showMaterialUpdate":false,"showSkybox":false,"showFlares":true,"showImageEffects":true,"showParticleSystems":true},"in2DMode":false,"pivot":{"x":1.0530236959457398,"y":9.837980270385743,"z":-1.9935073852539063},"rotation":{"x":-0.4327397644519806,"y":-0.035394858568906787,"z":0.017004162073135377,"w":-0.9006662368774414},"size":13.029012680053711,"orthographic":false}