{"cameraMode":{"drawMode":0,"name":"Shaded","section":"Shading Mode"},"sceneLighting":false,"audioPlay":false,"sceneViewState":{"showFog":true,"showMaterialUpdate":false,"showSkybox":false,"showFlares":true,"showImageEffects":true,"showParticleSystems":true},"in2DMode":false,"pivot":{"x":2.700157642364502,"y":0.17589354515075684,"z":-0.7228842973709106},"rotation":{"x":-0.17918941378593446,"y":-0.6259981989860535,"z":0.1508055329322815,"w":-0.7438265085220337},"size":4.065380573272705,"orthographic":false}