{"cameraMode":{"drawMode":0,"name":"Shaded","section":"Shading Mode"},"sceneLighting":true,"audioPlay":false,"sceneViewState":{"showFog":true,"showMaterialUpdate":false,"showSkybox":false,"showFlares":true,"showImageEffects":true,"showParticleSystems":true},"in2DMode":false,"pivot":{"x":5.865693092346191,"y":-23.00393295288086,"z":28.295137405395509},"rotation":{"x":0.4225808084011078,"y":0.02718321420252323,"z":-0.012681424617767334,"w":0.9058310985565186},"size":38.58643341064453,"orthographic":false}