{"cameraMode":{"drawMode":0,"name":"Shaded","section":"Shading Mode"},"sceneLighting":true,"audioPlay":false,"sceneViewState":{"showFog":true,"showMaterialUpdate":false,"showSkybox":true,"showFlares":true,"showImageEffects":true,"showParticleSystems":true},"in2DMode":false,"pivot":{"x":0.6796927452087402,"y":-21.05182456970215,"z":16.415462493896486},"rotation":{"x":-0.427655428647995,"y":-0.0029632432851940395,"z":0.0014003010001033545,"w":-0.9039394855499268},"size":31.343833923339845,"orthographic":false}