{"cameraMode":{"drawMode":0,"name":"Shaded","section":"Shading Mode"},"sceneLighting":true,"audioPlay":false,"sceneViewState":{"showFog":true,"showMaterialUpdate":false,"showSkybox":false,"showFlares":true,"showImageEffects":true,"showParticleSystems":true},"in2DMode":false,"pivot":{"x":4.162311553955078,"y":14.85621452331543,"z":35.93024826049805},"rotation":{"x":0.019485019147396089,"y":-0.037483975291252139,"z":0.0007311239023692906,"w":0.9991075992584229},"size":45.855384826660159,"orthographic":false}