{"cameraMode":{"drawMode":0,"name":"Shaded","section":"Shading Mode"},"sceneLighting":false,"audioPlay":false,"sceneViewState":{"showFog":true,"showMaterialUpdate":false,"showSkybox":false,"showFlares":true,"showImageEffects":true,"showParticleSystems":true},"in2DMode":false,"pivot":{"x":0.45505204796791079,"y":-0.5219939947128296,"z":5.096291542053223},"rotation":{"x":0.23478470742702485,"y":0.005269256886094809,"z":-0.0012729199370369316,"w":0.972032368183136},"size":4.665380954742432,"orthographic":false}