{"cameraMode":{"drawMode":0,"name":"Shaded","section":"Shading Mode"},"sceneLighting":true,"audioPlay":false,"sceneViewState":{"showFog":true,"showMaterialUpdate":false,"showSkybox":false,"showFlares":true,"showImageEffects":true,"showParticleSystems":true},"in2DMode":false,"pivot":{"x":1.7105681896209717,"y":8.63357925415039,"z":-1.7760095596313477},"rotation":{"x":-0.5353307723999023,"y":-0.0015020867576822639,"z":0.0009502900065854192,"w":-0.8446441888809204},"size":16.725866317749025,"orthographic":false}