{"cameraMode":{"drawMode":0,"name":"Shaded","section":"Shading Mode"},"sceneLighting":true,"audioPlay":false,"sceneViewState":{"showFog":true,"showMaterialUpdate":false,"showSkybox":true,"showFlares":true,"showImageEffects":true,"showParticleSystems":true},"in2DMode":false,"pivot":{"x":1.6228469610214234,"y":-8.467727661132813,"z":1.6139564514160157},"rotation":{"x":0.5186744332313538,"y":0.01538772787898779,"z":-0.009337148629128933,"w":0.854782223701477},"size":21.50856590270996,"orthographic":false}