{"cameraMode":{"drawMode":0,"name":"Shaded","section":"Shading Mode"},"sceneLighting":true,"audioPlay":false,"sceneViewState":{"showFog":true,"showMaterialUpdate":false,"showSkybox":false,"showFlares":true,"showImageEffects":true,"showParticleSystems":true},"in2DMode":false,"pivot":{"x":1.913842797279358,"y":5.367649078369141,"z":0.8638725280761719},"rotation":{"x":0.28401950001716616,"y":-0.010067361406981945,"z":0.0029823146760463716,"w":0.9587609767913818},"size":19.152381896972658,"orthographic":false}