{"cameraMode":{"drawMode":0,"name":"Shaded","section":"Shading Mode"},"sceneLighting":false,"audioPlay":false,"sceneViewState":{"showFog":true,"showMaterialUpdate":false,"showSkybox":false,"showFlares":true,"showImageEffects":true,"showParticleSystems":true},"in2DMode":false,"pivot":{"x":-0.0003819465637207031,"y":2.3597629070281984,"z":2.923344135284424},"rotation":{"x":0.35160964727401736,"y":-0.0224644485861063,"z":0.008440252393484116,"w":0.935839056968689},"size":4.232888221740723,"orthographic":true}