{"cameraMode":{"drawMode":0,"name":"Shaded","section":"Shading Mode"},"sceneLighting":true,"audioPlay":false,"sceneViewState":{"showFog":true,"showMaterialUpdate":false,"showSkybox":false,"showFlares":true,"showImageEffects":true,"showParticleSystems":true},"in2DMode":false,"pivot":{"x":-4.686347484588623,"y":-21.33438491821289,"z":15.676531791687012},"rotation":{"x":0.5248921513557434,"y":-0.06497824192047119,"z":0.04023277014493942,"w":0.8477310538291931},"size":32.030799865722659,"orthographic":false}