{"cameraMode":{"drawMode":0,"name":"Shaded","section":"Shading Mode"},"sceneLighting":true,"audioPlay":false,"sceneViewState":{"showFog":true,"showMaterialUpdate":false,"showSkybox":false,"showFlares":true,"showImageEffects":true,"showParticleSystems":true},"in2DMode":false,"pivot":{"x":3.34352445602417,"y":2.836867094039917,"z":-12.928705215454102},"rotation":{"x":-0.021510811522603036,"y":-0.9705258011817932,"z":0.2205980122089386,"w":-0.09463725984096527},"size":11.768487930297852,"orthographic":false}