{"cameraMode":{"drawMode":0,"name":"Shaded","section":"Shading Mode"},"sceneLighting":true,"audioPlay":false,"sceneViewState":{"showFog":true,"showMaterialUpdate":false,"showSkybox":false,"showFlares":true,"showImageEffects":true,"showParticleSystems":true},"in2DMode":false,"pivot":{"x":0.39090633392333987,"y":13.435425758361817,"z":0.22912226617336274},"rotation":{"x":0.2216080278158188,"y":0.017551355063915254,"z":-0.003989375662058592,"w":0.9749698638916016},"size":5.834831714630127,"orthographic":false}