{"cameraMode":{"drawMode":0,"name":"Shaded","section":"Shading Mode"},"sceneLighting":true,"audioPlay":false,"sceneViewState":{"showFog":true,"showMaterialUpdate":false,"showSkybox":false,"showFlares":true,"showImageEffects":true,"showParticleSystems":true},"in2DMode":false,"pivot":{"x":1.2986644506454468,"y":-27.376928329467775,"z":22.407251358032228},"rotation":{"x":-0.4222259819507599,"y":0.0021778512746095659,"z":-0.0010272478684782982,"w":-0.9064955711364746},"size":30.702442169189454,"orthographic":false}