{"cameraMode":{"drawMode":0,"name":"Shaded","section":"Shading Mode"},"sceneLighting":true,"audioPlay":false,"sceneViewState":{"showFog":true,"showMaterialUpdate":false,"showSkybox":true,"showFlares":true,"showImageEffects":true,"showParticleSystems":true},"in2DMode":false,"pivot":{"x":-2.125434398651123,"y":-4.784852981567383,"z":4.370776653289795},"rotation":{"x":0.509296178817749,"y":-0.27829983830451968,"z":0.17838165163993836,"w":0.7945736050605774},"size":24.270950317382814,"orthographic":false}