{"cameraMode":{"drawMode":0,"name":"Shaded","section":"Shading Mode"},"sceneLighting":true,"audioPlay":false,"sceneViewState":{"showFog":true,"showMaterialUpdate":false,"showSkybox":false,"showFlares":true,"showImageEffects":true,"showParticleSystems":true},"in2DMode":false,"pivot":{"x":2.1164278984069826,"y":-0.5702991485595703,"z":2.0921268463134767},"rotation":{"x":-0.4558904767036438,"y":0.009097418747842312,"z":-0.004661985207349062,"w":-0.8899794220924377},"size":15.472566604614258,"orthographic":false}