{"cameraMode":{"drawMode":0,"name":"Shaded","section":"Shading Mode"},"sceneLighting":true,"audioPlay":false,"sceneViewState":{"showFog":true,"showMaterialUpdate":false,"showSkybox":true,"showFlares":true,"showImageEffects":true,"showParticleSystems":true},"in2DMode":false,"pivot":{"x":-1.6287790536880494,"y":-40.564334869384769,"z":40.49777603149414},"rotation":{"x":0.3934282660484314,"y":-0.013789971359074116,"z":0.005902617238461971,"w":0.9192515015602112},"size":50.47271728515625,"orthographic":false}