{"cameraMode":{"drawMode":0,"name":"Shaded","section":"Shading Mode"},"sceneLighting":false,"audioPlay":false,"sceneViewState":{"showFog":true,"showMaterialUpdate":false,"showSkybox":false,"showFlares":true,"showImageEffects":true,"showParticleSystems":true},"in2DMode":false,"pivot":{"x":0.0000057220458984375,"y":1.7865334749221802,"z":0.0},"rotation":{"x":0.35160964727401736,"y":-0.0224644485861063,"z":0.008440252393484116,"w":0.935839056968689},"size":2.4400851726531984,"orthographic":true}