{"cameraMode":{"drawMode":0,"name":"Shaded","section":"Shading Mode"},"sceneLighting":false,"audioPlay":false,"sceneViewState":{"showFog":true,"showMaterialUpdate":false,"showSkybox":false,"showFlares":true,"showImageEffects":true,"showParticleSystems":true},"in2DMode":false,"pivot":{"x":1.0869938135147095,"y":7.46999979019165,"z":-1.9639503955841065},"rotation":{"x":0.40810975432395937,"y":-0.043793849647045138,"z":0.019604310393333436,"w":0.9116711020469666},"size":0.8660253882408142,"orthographic":false}