{"cameraMode":{"drawMode":0,"name":"Shaded","section":"Shading Mode"},"sceneLighting":true,"audioPlay":false,"sceneViewState":{"showFog":true,"showMaterialUpdate":false,"showSkybox":true,"showFlares":true,"showImageEffects":true,"showParticleSystems":true},"in2DMode":false,"pivot":{"x":1.3777222633361817,"y":3.689303398132324,"z":4.9863810539245609},"rotation":{"x":0.3572416603565216,"y":-0.24587158858776093,"z":0.09806177765130997,"w":0.8957173228263855},"size":8.232691764831543,"orthographic":false}