{"cameraMode":{"drawMode":0,"name":"Shaded","section":"Shading Mode"},"sceneLighting":true,"audioPlay":false,"sceneViewState":{"showFog":true,"showMaterialUpdate":false,"showSkybox":false,"showFlares":true,"showImageEffects":true,"showParticleSystems":true},"in2DMode":false,"pivot":{"x":-0.5831018090248108,"y":7.043109893798828,"z":-5.137478828430176},"rotation":{"x":-0.5353307723999023,"y":-0.0015020867576822639,"z":0.0009502900065854192,"w":-0.8446441888809204},"size":10.917848587036133,"orthographic":false}