{"cameraMode":{"drawMode":0,"name":"Shaded","section":"Shading Mode"},"sceneLighting":true,"audioPlay":false,"sceneViewState":{"showFog":true,"showMaterialUpdate":false,"showSkybox":false,"showFlares":true,"showImageEffects":true,"showParticleSystems":true},"in2DMode":false,"pivot":{"x":0.3508423864841461,"y":-2.3326416015625,"z":4.277486801147461},"rotation":{"x":-0.43305519223213198,"y":-0.008363000117242337,"z":0.0040162368677556519,"w":-0.9013227820396423},"size":16.303974151611329,"orthographic":false}