{"cameraMode":{"drawMode":0,"name":"Shaded","section":"Shading Mode"},"sceneLighting":true,"audioPlay":false,"sceneViewState":{"showFog":true,"showMaterialUpdate":false,"showSkybox":true,"showFlares":true,"showImageEffects":true,"showParticleSystems":true},"in2DMode":false,"pivot":{"x":-11.315576553344727,"y":-9.819426536560059,"z":4.036703586578369},"rotation":{"x":0.29939645528793337,"y":-0.608359694480896,"z":0.26578545570373537,"w":0.6852896809577942},"size":21.321882247924806,"orthographic":false}