{"cameraMode":{"drawMode":0,"name":"Shaded","section":"Shading Mode"},"sceneLighting":true,"audioPlay":false,"sceneViewState":{"showFog":true,"showMaterialUpdate":false,"showSkybox":false,"showFlares":true,"showImageEffects":true,"showParticleSystems":true},"in2DMode":false,"pivot":{"x":0.27311521768569949,"y":-3.0371246337890627,"z":-10.054681777954102},"rotation":{"x":0.004768592305481434,"y":-0.8971084356307983,"z":0.441681444644928,"w":0.009685533121228218},"size":17.287670135498048,"orthographic":false}